name,price,stock,description,image
,,,2021 Women's Slippers Home Soft Platform Mujer Bathroom Slides Jelly EVA Female Beach Slides Comfortable House Shower Slippers $11.90 USD $20.00 USD Warning -40.5%,
,,,2021 Women's Slippers Home Soft Platform Mujer Bathroom Slides Jelly EVA Female Beach Slides Comfortable House Shower Slippers $11.90 USD $20.00 USD Warning -40.5%,
,,,2021 Women's Slippers Home Soft Platform Mujer Bathroom Slides Jelly EVA Female Beach Slides Comfortable House Shower Slippers $11.90 USD $20.00 USD Warning -40.5%,
,,,2021 Women's Slippers Home Soft Platform Mujer Bathroom Slides Jelly EVA Female Beach Slides Comfortable House Shower Slippers $11.90 USD $20.00 USD Warning -40.5%,
,,,2021 Women's Slippers Home Soft Platform Mujer Bathroom Slides Jelly EVA Female Beach Slides Comfortable House Shower Slippers $11.90 USD $20.00 USD Warning -40.5%,
,,,2021 Women's Slippers Home Soft Platform Mujer Bathroom Slides Jelly EVA Female Beach Slides Comfortable House Shower Slippers $11.90 USD $20.00 USD Warning -40.5%,
,,,2021 Women's Slippers Home Soft Platform Mujer Bathroom Slides Jelly EVA Female Beach Slides Comfortable House Shower Slippers $11.90 USD $20.00 USD Warning -40.5%,
,,,2021 Women's Slippers Home Soft Platform Mujer Bathroom Slides Jelly EVA Female Beach Slides Comfortable House Shower Slippers $11.90 USD $20.00 USD Warning -40.5%,
,,,2021 Women's Slippers Home Soft Platform Mujer Bathroom Slides Jelly EVA Female Beach Slides Comfortable House Shower Slippers $11.90 USD $20.00 USD Warning -40.5%,
,,,2021 Women's Slippers Home Soft Platform Mujer Bathroom Slides Jelly EVA Female Beach Slides Comfortable House Shower Slippers $11.90 USD $20.00 USD Warning -40.5%,
,,,2021 Women's Slippers Home Soft Platform Mujer Bathroom Slides Jelly EVA Female Beach Slides Comfortable House Shower Slippers $11.90 USD $20.00 USD Warning -40.5%,
,,,2021 Women's Slippers Home Soft Platform Mujer Bathroom Slides Jelly EVA Female Beach Slides Comfortable House Shower Slippers $11.90 USD $20.00 USD Warning -40.5%,
,,,2021 Women's Slippers Home Soft Platform Mujer Bathroom Slides Jelly EVA Female Beach Slides Comfortable House Shower Slippers $11.90 USD $20.00 USD Warning -40.5%,
,,,2021 Women's Slippers Home Soft Platform Mujer Bathroom Slides Jelly EVA Female Beach Slides Comfortable House Shower Slippers $11.90 USD $20.00 USD Warning -40.5%,
,,,2021 Women's Slippers Home Soft Platform Mujer Bathroom Slides Jelly EVA Female Beach Slides Comfortable House Shower Slippers $11.90 USD $20.00 USD Warning -40.5%,
,,,2021 Women's Slippers Home Soft Platform Mujer Bathroom Slides Jelly EVA Female Beach Slides Comfortable House Shower Slippers $11.90 USD $20.00 USD Warning -40.5%,
,,,2021 Women's Slippers Home Soft Platform Mujer Bathroom Slides Jelly EVA Female Beach Slides Comfortable House Shower Slippers $11.90 USD $20.00 USD Warning -40.5%,
,,,2021 Women's Slippers Home Soft Platform Mujer Bathroom Slides Jelly EVA Female Beach Slides Comfortable House Shower Slippers $11.90 USD $20.00 USD Warning -40.5%,
,,,2021 Women's Slippers Home Soft Platform Mujer Bathroom Slides Jelly EVA Female Beach Slides Comfortable House Shower Slippers $11.90 USD $20.00 USD Warning -40.5%,
,,,2021 Women's Slippers Home Soft Platform Mujer Bathroom Slides Jelly EVA Female Beach Slides Comfortable House Shower Slippers $11.90 USD $20.00 USD Warning -40.5%,
,,,2021 Women's Slippers Home Soft Platform Mujer Bathroom Slides Jelly EVA Female Beach Slides Comfortable House Shower Slippers $11.90 USD $20.00 USD Warning -40.5%,
,,,2021 Women's Slippers Home Soft Platform Mujer Bathroom Slides Jelly EVA Female Beach Slides Comfortable House Shower Slippers $11.90 USD $20.00 USD Warning -40.5%,
,,,2021 Women's Slippers Home Soft Platform Mujer Bathroom Slides Jelly EVA Female Beach Slides Comfortable House Shower Slippers $11.90 USD $20.00 USD Warning -40.5%,
,,,2021 Women's Slippers Home Soft Platform Mujer Bathroom Slides Jelly EVA Female Beach Slides Comfortable House Shower Slippers $11.90 USD $20.00 USD Warning -40.5%,
,,,2021 Women's Slippers Home Soft Platform Mujer Bathroom Slides Jelly EVA Female Beach Slides Comfortable House Shower Slippers $11.90 USD $20.00 USD Warning -40.5%,
,,,2021 Women's Slippers Home Soft Platform Mujer Bathroom Slides Jelly EVA Female Beach Slides Comfortable House Shower Slippers $11.90 USD $20.00 USD Warning -40.5%,
,,,2021 Women's Slippers Home Soft Platform Mujer Bathroom Slides Jelly EVA Female Beach Slides Comfortable House Shower Slippers $11.90 USD $20.00 USD Warning -40.5%,
,,,2021 Women's Slippers Home Soft Platform Mujer Bathroom Slides Jelly EVA Female Beach Slides Comfortable House Shower Slippers $11.90 USD $20.00 USD Warning -40.5%,
,,,2021 Women's Slippers Home Soft Platform Mujer Bathroom Slides Jelly EVA Female Beach Slides Comfortable House Shower Slippers $11.90 USD $20.00 USD Warning -40.5%,
,,,2021 Women's Slippers Home Soft Platform Mujer Bathroom Slides Jelly EVA Female Beach Slides Comfortable House Shower Slippers $11.90 USD $20.00 USD Warning -40.5%,
,,,2021 Women's Slippers Home Soft Platform Mujer Bathroom Slides Jelly EVA Female Beach Slides Comfortable House Shower Slippers $11.90 USD $20.00 USD Warning -40.5%,
,,,2021 Women's Slippers Home Soft Platform Mujer Bathroom Slides Jelly EVA Female Beach Slides Comfortable House Shower Slippers $11.90 USD $20.00 USD Warning -40.5%,
,,,2021 Women's Slippers Home Soft Platform Mujer Bathroom Slides Jelly EVA Female Beach Slides Comfortable House Shower Slippers $11.90 USD $20.00 USD Warning -40.5%,
,,,2021 Women's Slippers Home Soft Platform Mujer Bathroom Slides Jelly EVA Female Beach Slides Comfortable House Shower Slippers $11.90 USD $20.00 USD Warning -40.5%,
,,,2021 Women's Slippers Home Soft Platform Mujer Bathroom Slides Jelly EVA Female Beach Slides Comfortable House Shower Slippers $11.90 USD $20.00 USD Warning -40.5%,
,,,2021 Women's Slippers Home Soft Platform Mujer Bathroom Slides Jelly EVA Female Beach Slides Comfortable House Shower Slippers $11.90 USD $20.00 USD Warning -40.5%,
,,,2021 Women's Slippers Home Soft Platform Mujer Bathroom Slides Jelly EVA Female Beach Slides Comfortable House Shower Slippers $11.90 USD $20.00 USD Warning -40.5%,
,,,2021 Women's Slippers Home Soft Platform Mujer Bathroom Slides Jelly EVA Female Beach Slides Comfortable House Shower Slippers $11.90 USD $20.00 USD Warning -40.5%,
,,,2021 Women's Slippers Home Soft Platform Mujer Bathroom Slides Jelly EVA Female Beach Slides Comfortable House Shower Slippers $11.90 USD $20.00 USD Warning -40.5%,
,,,2021 Women's Slippers Home Soft Platform Mujer Bathroom Slides Jelly EVA Female Beach Slides Comfortable House Shower Slippers $11.90 USD $20.00 USD Warning -40.5%,
,,,2021 Women's Slippers Home Soft Platform Mujer Bathroom Slides Jelly EVA Female Beach Slides Comfortable House Shower Slippers $11.90 USD $20.00 USD Warning -40.5%,
,,,2021 Women's Slippers Home Soft Platform Mujer Bathroom Slides Jelly EVA Female Beach Slides Comfortable House Shower Slippers $11.90 USD $20.00 USD Warning -40.5%,
,,,2021 Women's Slippers Home Soft Platform Mujer Bathroom Slides Jelly EVA Female Beach Slides Comfortable House Shower Slippers $11.90 USD $20.00 USD Warning -40.5%,
,,,2021 Women's Slippers Home Soft Platform Mujer Bathroom Slides Jelly EVA Female Beach Slides Comfortable House Shower Slippers $11.90 USD $20.00 USD Warning -40.5%,
,,,2021 Women's Slippers Home Soft Platform Mujer Bathroom Slides Jelly EVA Female Beach Slides Comfortable House Shower Slippers $11.90 USD $20.00 USD Warning -40.5%,
,,,2021 Women's Slippers Home Soft Platform Mujer Bathroom Slides Jelly EVA Female Beach Slides Comfortable House Shower Slippers $11.90 USD $20.00 USD Warning -40.5%,
,,,2021 Women's Slippers Home Soft Platform Mujer Bathroom Slides Jelly EVA Female Beach Slides Comfortable House Shower Slippers $11.90 USD $20.00 USD Warning -40.5%,
,,,2021 Women's Slippers Home Soft Platform Mujer Bathroom Slides Jelly EVA Female Beach Slides Comfortable House Shower Slippers $11.90 USD $20.00 USD Warning -40.5%,
